Product Name,Price,Rating,Seller Name
Apple iPhone 13 Pro Max (1TB) - Silver,"1,57,900",4.6 out of 5 stars,N/A
Apple iPhone 13 (128GB) - Midnight,"45,499",4.5 out of 5 stars,N/A
"Samsung Galaxy M05 (Mint Green, 4GB RAM, 64 GB Storage) | 50MP Dual Camera | Bigger 6.7"" HD+ Display | 5000mAh Battery | 25W Fast Charging | 2 Gen OS Upgrade & 4 Year Security Update | Without Charger","7,999",3.9 out of 5 stars,N/A
"Redmi 13C 5G (Starlight Black, 4GB RAM, 128GB Storage) | MediaTek Dimensity 6100+ 5G | 90Hz Display","9,199",3.9 out of 5 stars,N/A
"realme NARZO N61 (Marble Black,6GB RAM+128GB Storage) 90Hz Eye Comfort Display | IP54 Dust & Water Resistance | 48-Month Fluency | Charger in The Box","8,499",4.0 out of 5 stars,N/A
"realme NARZO 70 Pro 5G (Glass Gold, 8GB RAM,256GB Storage) Dimensity 7050 5G Chipset | Horizon Glass Design | Segment 1st Flagship Sony IMX890 OIS Camera","16,998",4.1 out of 5 stars,N/A
"Lava Yuva 3 (Eclipse Black, 4+4*GB + 128GB)|Segment's Most Affordable Smartphone with 128 GB (UFS 2.2) Storage | 90Hz Punch Hole Display|13MP AI Triple Camera|Side Fingerprint Sensor |Bloatware Free","6,699",4.0 out of 5 stars,N/A
"Lava Yuva 3 (Cosmic Lavender, 4+4*GB + 128GB)|Segment's Most Affordable Smartphone with 128 GB (UFS 2.2) Storage | 90Hz Punch Hole Display|13MP AI Triple Camera|Side Fingerprint Sensor |Bloatware Free","6,699",4.0 out of 5 stars,N/A
"Samsung Galaxy M35 5G (Thunder Grey,6GB RAM,128GB Storage)| Corning Gorilla Glass Victus+| AnTuTu Score 595K+ | Vapour Cooling Chamber | 6000mAh Battery | 120Hz Super AMOLED Display| Without Charger","18,999",4.1 out of 5 stars,N/A
"Samsung Galaxy M14 5G (Smoky Teal,6GB,128GB)|50MP Triple Cam|Segment's Only 6000 mAh 5G SP|5nm Processor|2 Gen. OS Upgrade & 4 Year Security Update|12GB RAM with RAM Plus|Android 13|Without Charger",N/A,4.0 out of 5 stars,N/A
"Redmi Note 13 Pro+ (Fusion White, 8GB RAM, 256GB Storage) | World's First Mediatek 7200 Ultra 5G | 200MP Hi-Res Camera | 1.5K Curved AMOLED | 120W HyperCharge","27,999",3.8 out of 5 stars,N/A
"Samsung Galaxy S23 Ultra 5G AI Smartphone (Green, 12GB, 512GB Storage)","1,34,999",4.5 out of 5 stars,N/A
"OnePlus Nord CE 3 Lite 5G (Chromatic Gray, 8GB RAM, 128GB Storage)","15,950",4.2 out of 5 stars,N/A
"POCO M6 5G, Orion Blue (4GB, 64GB)","8,299",4.1 out of 5 stars,N/A
Nokia G42 5G | SnapdragonÂ® 480+ 5G | 50MP Triple AI Camera | 11GB RAM (6GB RAM + 5GB Virtual RAM) | 128GB Storage | 5000mAh Battery | 2 Years Android Upgrades | 20W Charger Included | So Grey,"11,499",3.8 out of 5 stars,N/A
"OnePlus Nord CE 3 5G (Aqua Surge, 8GB RAM, 128GB Storage)","16,999",4.2 out of 5 stars,N/A
"realme NARZO N65 5G (Deep Green 6GB RAM, 128GB Storage) India's 1st D6300 5G Chipset | Ultra Slim Design | 120Hz Eye Comfort Display | 50MP AI Camera| Charger in The Box","12,498",4.1 out of 5 stars,N/A
"realme NARZO N61 (Marble Black, 4GB RAM+64GB Storage) 90Hz Eye Comfort Display | IP54 Dust & Water Resistance | 48-Month Fluency | Charger in The Box","7,499",4.0 out of 5 stars,N/A
"OnePlus Nord CE4 Lite 5G (Ultra Orange, 8GB RAM, 128GB Storage)","19,999",4.1 out of 5 stars,N/A
"realme NARZO 70x 5G (Ice Blue, 6GB RAM,128GB Storage)|120Hz Ultra Smooth Display|Dimensity 6100+ 6nm 5G|50MP AI Camera|45W Charger in The Box","13,498",4.0 out of 5 stars,N/A
"Redmi Note 13 5G (Arctic White, 6GB RAM, 128GB Storage) | 5G Ready | 120Hz Bezel-Less AMOLED | 7.mm Slimmest Note Ever | 108MP Pro-Grade Camera","15,999",3.7 out of 5 stars,N/A
Apple iPhone 15 (128 GB) - Green,"65,900",4.5 out of 5 stars,N/A
